Event_Title,Start_Date,Start_Time,End_Date,End_Time,Category,Tags,Excerpt,Location_Business_Name,Location_Address,Location_City_State_ZIP,Event_URL,Event_Image,Text_Block,Published_Date,Workflow_State
Suffolk Landscape Photography Workshop - Long Exposure,2025-11-21,09:30:00,2025-11-23,14:30:00,2-5-days,,"21/11/2025Suffolk Landscape Photography Workshop. Coastline and long exposures - learn how to compose, practise long exposure and when B&amp;W works better.",Suffolk,"Southwold,, IP18 6EJ, United Kingdom",IP18 6EJ,https://www.alanranger.com/photographic-workshops-near-me/suffolk-landscape-photography-workshop,https://images.squarespace-cdn.com/content/v1/5013f4b2c4aaa4752ac69b17/1715078273140-XM8AQE8L1BX1V7RQSKKE/Southwold+Pier+%2301+-+Feb+2024.jpg,,2025-01-24 08:27:42,Published
"Wales Photography Workshop Pistyll Rhaeadr and Lake Vyrnwy ",2025-11-29,09:30:00,2025-11-30,15:00:00,2-5-days,wales,"29/11/2025Wales Photography workshop - Valleys, rivers, lakes, mountains, woodlands and waterfalls | Join me on this exciting, varied 2-day photography event",Wales - Dee Valley,"LL20 7LD, United Kingdom",LL20 7LD,https://www.alanranger.com/photographic-workshops-near-me/wales-photography-workshop-vyrnwy-pistyll-rhaeadr,https://images.squarespace-cdn.com/content/v1/5013f4b2c4aaa4752ac69b17/1538936266800-X7E25G1Y68K21JET6YMU/Lake+Vyrnwy+-Photography-Workshops.jpg,,2025-04-01 09:51:37,Published
Woodland Photography Walk | Solihull | Hay Woods - Winter,2025-12-05,09:30:00,2025-12-05,11:30:00,2.5hrs-4hrs,,05/12/2025Woodland Photography Walk - Enjoy and learn in a 2hr informal walk through woodlands with any camera under the support of a professional Photographer,Solihull,"Haywood Ln, Rowington, England, CV35 7JQ, United Kingdom",CV35 7JQ,https://www.alanranger.com/photographic-workshops-near-me/woodland-photography-walk-solihull-hay-woods,https://images.squarespace-cdn.com/content/v1/5013f4b2c4aaa4752ac69b17/1709978483227-AGNBKSFNJEJ0VP2ERGWQ/Down+Under.jpg,,2025-11-04 18:18:44,Published
"Woodland Photography Walk - Coventry - Tile Hill Wood ",2025-12-08,09:30:00,2025-12-08,11:30:00,2.5hrs-4hrs,,08/12/2025Woodland Photography Walk - Enjoy and learn in a 2hr informal walk through woodlands with any camera under the support of a professional Photographer,Coventry,"Banner Lane, Coventry, United Kingdom",Coventry,https://www.alanranger.com/photographic-workshops-near-me/woodland-photography-walk-coventry-tile-hill,https://images.squarespace-cdn.com/content/v1/5013f4b2c4aaa4752ac69b17/1709978483227-AGNBKSFNJEJ0VP2ERGWQ/Down+Under.jpg,"

<div class=""sqs-html-content"" data-sqsp-text-block-content="""">
  <h3 style=""white-space:pre-wrap;""><strong>Location - Woodland Photography Walk</strong></h3><h3 style=""white-space:pre-wrap;"">Tile Hill Wood - Coventry</h3>
</div>




















  
  



",2025-11-04 18:18:50,Published
Woodland Photography Walk - Solihull - Hay Woods - Winter,2026-01-02,09:30:00,2026-01-02,11:30:00,2.5hrs-4hrs,,02/01/2026Woodland Photography Walk - Enjoy and learn in a 2hr informal walk through a woodland with a camera under the support of a professional photographer,Solihull,"Haywood Ln, Rowington, England, CV35 7JQ, United Kingdom",CV35 7JQ,https://www.alanranger.com/photographic-workshops-near-me/woodland-photography-walk-hay-woods,https://images.squarespace-cdn.com/content/v1/5013f4b2c4aaa4752ac69b17/1709978483227-AGNBKSFNJEJ0VP2ERGWQ/Down+Under.jpg,,2025-11-04 18:18:57,Published
The Secrets of Woodland Photography - 1-Day Masterclass 11-1,2026-01-11,10:00:00,2026-01-11,16:00:00,1-day,,"11/01/2026Coventry - The Secrets of Woodland Photography - open to all levels, experience, and camera.  1-Day Masterclass combining theory and practicals.",Coventry,"45 Hathaway Road, Coventry, England, CV4 9HP, United Kingdom",CV4 9HP,https://www.alanranger.com/photographic-workshops-near-me/secrets-of-woodland-photography-masterclass-winter,https://images.squarespace-cdn.com/content/v1/5013f4b2c4aaa4752ac69b17/1687442036373-6Q6GKKLKEX4UZ00OFCMU/Plant%2BHill%2BWoods%2B%252311%2B-%2BJan%2B2022.jpg,,2025-11-04 18:19:02,Published
" Dorset Photography Workshop | Jurassic Coast Photography",2026-01-16,14:00:00,2026-01-18,14:00:00,2-5-days,,"16/01/2026Dorset Photography Workshop - Learn how to photograph the coastline with award-winning, professional photographer Alan Ranger on this Jurassic Coast",Dorset,"wareham, BH20 4AB, United Kingdom",BH20 4AB,https://www.alanranger.com/photographic-workshops-near-me/dorset-photography-workshop,https://images.squarespace-cdn.com/content/v1/5013f4b2c4aaa4752ac69b17/1546347241014-RTAHXH3JAKUBFBF94325/durdle+door-Photography-Workshops.jpg,,2025-03-20 10:36:59,Published
Lake District Photography Workshop | Winter in Cumbria,2026-01-23,09:30:00,2026-01-25,14:30:00,2-5-days,,23/01/2026Lake District Photography Workshop - Enjoy the iconic Cumbrian scenes in winter with snow-topped mountains and frosty/frozen vistas.| Join Now,Lake District,"B5291, England, CA12 4RE, United Kingdom",CA12 4RE,https://www.alanranger.com/photographic-workshops-near-me/lake-district-photography-workshop-winter,https://images.squarespace-cdn.com/content/v1/5013f4b2c4aaa4752ac69b17/1691231609767-VEBH04YA7HAYTMU55D5D/Friars%2BCrag.jpg,,2025-01-24 08:27:50,Published
Gower Peninsula Photo Workshop - Landscape Photography Wales,2026-01-30,10:00:00,2026-02-01,14:00:00,2-5-days,wales,30/01/2026Gower Peninsular Landscape Photography Wales Workshop -photo workshop for long exposures from dawn to dusk to get iconic images of the Welsh coast,wales - Gower Peninsular,"Melin y Parc, Cymru, SA3 2EH, United Kingdom",SA3 2EH,https://www.alanranger.com/photographic-workshops-near-me/landscape-photography-wales-gower-peninsular,https://images.squarespace-cdn.com/content/v1/5013f4b2c4aaa4752ac69b17/1715702651783-0ANOHJQAGONUXKLRV1TM/Gower+%2311+-+May+2024.jpg,,2025-01-24 08:28:02,Published
Woodland Photography Walk - Coventry Tile Hill NR - Winter,2026-02-02,09:30:00,2026-02-02,11:30:00,2.5hrs-4hrs,,02/02/2026Woodland Photography Walk - Enjoy and learn in a 2hr informal walk through woodland NR with a camera under the support of a professional Photographer,Coventry,"Banner Lane, Coventry, United Kingdom",Coventry,https://www.alanranger.com/photographic-workshops-near-me/woodland-photography-walk-coventry-cv4,https://images.squarespace-cdn.com/content/v1/5013f4b2c4aaa4752ac69b17/1709978483227-AGNBKSFNJEJ0VP2ERGWQ/Down+Under.jpg,"

<div class=""sqs-html-content"" data-sqsp-text-block-content="""">
  <h3 style=""white-space:pre-wrap;""><strong>Location - Woodland Photography Walk</strong></h3><h3 style=""white-space:pre-wrap;"">Tile Hill Wood - Coventry</h3>
</div>




















  
  



",2025-04-18 11:08:30,Published
Norfolk Photography Workshop | Cromer to Hunstanton,2026-02-13,09:30:00,2026-02-15,14:00:00,2-5-days,,"13/02/2026Norfolk Photography Workshop abandoned boats, windmills, nature reserves, dunes, coastal erosion, estuaries, harbours and seascapes. | North Norfolk",Norfolk,"Blakeney, NR25 7ND, United Kingdom",NR25 7ND,https://www.alanranger.com/photographic-workshops-near-me/norfolk-photography-workshop,https://images.squarespace-cdn.com/content/v1/5013f4b2c4aaa4752ac69b17/1670327540020-BBW67S1689K55ALBBY4X/Thornham+-+1+Sep+2020.jpg,,2025-08-26 11:06:58,Published
"Hartland Quay, Devon Seascape Photography Workshop",2026-02-19,12:30:00,2026-02-22,12:30:00,2-5-days,,"19/02/2026Devon, Hartland Quay - Photography Workshop. Learn how to photograph seascapes, long-exposure &amp; classic views at this dramatic coastline location",Devon,"Hartland Quay, Bideford, EX39 6DB, United Kingdom",EX39 6DB,https://www.alanranger.com/photographic-workshops-near-me/hartland-quay-devon-seascapes-ynfcl,https://images.squarespace-cdn.com/content/v1/5013f4b2c4aaa4752ac69b17/1674565120064-MZONL9LFH2Z0RH81Z9CT/Atlantic+Force.jpg,,2025-11-04 18:19:34,Published
Northumberland Landscape Photography Workshop | 4 Days | Feb,2026-02-26,14:00:00,2026-03-01,14:00:00,2-5-days,landscape,26/02/2026Northumberland Landscape Photography Workshop for practising long exposures at sunrise to sunset to get those iconic views of the Northumbrian coast.,Northumberland,"Lowick,  Northumberland, TD15 2UA, United Kingdom",TD15 2UA,https://www.alanranger.com/photographic-workshops-near-me/northumberland-landscape-photography-workshop,https://images.squarespace-cdn.com/content/v1/5013f4b2c4aaa4752ac69b17/1707213523267-M43SC9SL8KNU8S7Z6MJ7/Northumberland+Landscape+Photography+Workshop+%282%29.jpg,,2025-03-03 10:03:36,Published
Ireland Photography Workshop | Landscapes Southern Ireland,2026-03-05,10:30:00,2026-03-09,15:00:00,2-5-days,,"05/03/2026Dingle, Southern Ireland Photography Workshop -Enjoy the iconic landscape scenes around the Dingle Peninsula, South Kerry and Killarney National Park",Ireland - Dingle,"Dingle, KY, V92 P956, Ireland",V92 P956,https://www.alanranger.com/photographic-workshops-near-me/dingle-kerry-ireland-photography-workshop,https://images.squarespace-cdn.com/content/v1/5013f4b2c4aaa4752ac69b17/1677346509314-C2AKCUSTJ30QVKO7L8YD/Coumeenoole+Strand+2.jpg,"

<div class=""sqs-html-content"" data-sqsp-text-block-content="""">
  <h3 style=""white-space:pre-wrap;""><strong>Location - Ireland Photography Workshop</strong></h3><p class="""" style=""white-space:pre-wrap;"">Dingle, Southern Ireland</p>
</div>




















  
  



",2025-01-24 08:28:08,Published
Fairy Glen Betws-y-Coed Photography Workshop -  Wales,2026-03-07,10:00:00,2026-03-07,13:30:00,2.5hrs-4hrs,wales,07/03/2025Fairy Glen Betws-y-Coed Photography Workshop - A magical serene gorge through the river Conwy provides a great opportunity to practise long exposure,Wales - Snowdonia,"Snowdonia National Park, Betws-y-Coed, Wales, LL24 0SG, United Kingdom",LL24 0SG,https://www.alanranger.com/photographic-workshops-near-me/fairy-glen-betws-y-coed-photography,https://images.squarespace-cdn.com/content/v1/5013f4b2c4aaa4752ac69b17/1707215037398-4NEW80LYQQ2XQX73MZYH/Fairy+Glen+Betws-y-Coed+Photography+Workshop.jpg,,2025-05-14 10:44:02,Published
Landscape Photography Snowdonia Photography Workshop,2026-03-07,10:00:00,2026-03-08,16:00:00,2-5-days,wales,"07/03/2026Wales - Landscape Photography Snowdonia Workshops - Waterfalls, mountains, big vistas, slate quarries, lakes | photography workshops near me",Wales - Snowdonia,"Capel Curig, Betws-y-Coed, LL24 0EL, United Kingdom",LL24 0EL,https://www.alanranger.com/photographic-workshops-near-me/landscape-photography-snowdonia-workshop,https://images.squarespace-cdn.com/content/v1/5013f4b2c4aaa4752ac69b17/1696850796928-3GQA4UMZ6SHN0O83WJWJ/Snowdonia+Landscape+Photography+Workshop.jpg,,2025-05-23 10:53:52,Published
Lake District Photography Workshop | Spring in Cumbria,2026-03-20,09:30:00,2026-03-22,13:30:00,2-5-days,,20/03/2026Lake District Photography Workshops - Enjoy the iconic scenes in spring with spring growth and iconic vistas. Learn how to make the best images,Lake District,"England, CA12 4QG, United Kingdom",CA12 4QG,https://www.alanranger.com/photographic-workshops-near-me/lake-district-photography-workshop-spring,https://images.squarespace-cdn.com/content/v1/5013f4b2c4aaa4752ac69b17/1538928085823-H07VOW50MWIZ6EKCTFH1/blea+mirror-Alan-Ranger-Photography-Workshops.jpg,,2025-02-26 18:39:42,Published
Landscape Photography Workshops Yorkshire | Coast and Moors,2026-03-26,14:00:00,2026-03-29,14:00:00,2-5-days,,26/03/2026Landscape Photography Workshops Yorkshire - Moors and Coast - A great opportunity from sunrise to sunset to get iconic photos of the Yorkshire coast,North Yorkshire Moors and Coast,"Saltburn Ln, England, TS12 1HA, United Kingdom",TS12 1HA,https://www.alanranger.com/photographic-workshops-near-me/landscape-photography-workshops-yorkshire,https://images.squarespace-cdn.com/content/v1/5013f4b2c4aaa4752ac69b17/1707212564861-65XIJN9NGEKXOO8C2J73/North+Yorkshire+Photography+Workshop.jpg,,2025-08-26 11:17:50,Published
Sunset Photographic Workshop - Chesterton Windmill 30-3,2026-03-30,17:30:00,2026-03-30,19:30:00,2.5hrs-4hrs,,30/03/2026Warwickshire - Chesterton Windmill - Practise and learn long exposures and composition at this famous Midlands landmark windmill on this night shoot.,Warwickshire,"Windmill Hill Ln, England, CV33 9LB, United Kingdom",CV33 9LB,https://www.alanranger.com/photographic-workshops-near-me/sunset-chesterton-windmill-spring,https://images.squarespace-cdn.com/content/v1/5013f4b2c4aaa4752ac69b17/1546348903737-ZZOPNMPKQI3BIO8NTQJA/chesterton-windmill-photography-workshops.jpg,,2025-05-14 11:26:59,Published
Long Exposure Photography Workshop - Kenilworth 31-3,2026-03-31,18:00:00,2026-03-31,20:00:00,2.5hrs-4hrs,,31/03/2026Kenilworth - Learn long exposure photography and make interesting movement shots on this photography workshop night shoot around Kenilworth Castle.,Kenilworth,"Castle Hill, Kenilworth, England, CV8 1ND, United Kingdom",CV8 1ND,https://www.alanranger.com/photographic-workshops-near-me/long-exposure-photography-workshop-kenilworth2,https://images.squarespace-cdn.com/content/v1/5013f4b2c4aaa4752ac69b17/1675345926122-FG9G39T5F3OOT1CNEZMP/kenilworth+defenses.jpg,,2025-11-04 18:19:59,Published
Yorkshire Dales Photography Workshop - Landscape Photography,2026-04-10,10:00:00,2026-04-12,14:00:00,2-5-days,,"10/04/2026Yorkshire Dales Photography Workshops - Limestone pavements, waterfalls, classic vistas-learn how to create &amp; apply techniques at this iconic place",Yorkshire Dales,"Ingleton, LA6 3ET, United Kingdom",LA6 3ET,https://www.alanranger.com/photographic-workshops-near-me/yorkshire-dales-photography-workshop,https://images.squarespace-cdn.com/content/v1/5013f4b2c4aaa4752ac69b17/1700307464816-8M6DYZWM365TXZAVTZ25/Windskill+%2305+-+Nov+2023.jpg,,2025-11-04 18:20:10,Published
Long Exposure Photo Workshop - Sunset - Kenilworth - Apr,2026-04-13,18:30:00,2026-04-13,20:30:00,2.5hrs-4hrs,,13/04/2026Kenilworth - Learn long exposure photography and make interesting movement shots on this photography workshop night shoot around Kenilworth Castle.,Kenilworth,"38 castle rd, England, CV8 1NG, United Kingdom",CV8 1NG,https://www.alanranger.com/photographic-workshops-near-me/long-exposure-photo-workshop-sunset-kenilworth,https://images.squarespace-cdn.com/content/v1/5013f4b2c4aaa4752ac69b17/1741367268682-VQY1Z5HZAGVFN4V74YPD/Moon.jpg,,2025-11-04 18:20:15,Published
"Coventry Evening Urban Architecture Photography Workshop ",2026-04-16,18:15:00,2026-04-16,20:15:00,2.5hrs-4hrs,,16/04/2026Coventry - Once City of Culture - Explore the new and old surrounding area to create Urban Architecture Photography with Alan on this night shoot.,Coventry,"1 Priory St, England, CV1 5FB, United Kingdom",CV1 5FB,https://www.alanranger.com/photographic-workshops-near-me/urban-architecture-photography-workshop-coventry,https://images.squarespace-cdn.com/content/v1/5013f4b2c4aaa4752ac69b17/1546344708108-3P21C5HFHMEO7XP2F2LT/ST+MICHAEL+SUBDUING+THE+DEVIL+-Photography-Workshops.jpg,,2025-11-04 18:20:19,Published
The Secrets of Woodland Photography - 1-Day Masterclass Apr,2026-04-19,10:00:00,2026-04-19,16:00:00,1-day,,"19/04/2026Coventry - The Secrets of Woodland Photography - open to all levels, experience, and camera. 1-Day Masterclass combining theory and practicals.",Coventry,"45 Hathaway Road, Coventry, England, CV4 9HP, United Kingdom",CV4 9HP,https://www.alanranger.com/photographic-workshops-near-me/secrets-of-woodland-photography-masterclass-spring,https://images.squarespace-cdn.com/content/v1/5013f4b2c4aaa4752ac69b17/1687442036373-6Q6GKKLKEX4UZ00OFCMU/Plant%2BHill%2BWoods%2B%252311%2B-%2BJan%2B2022.jpg,,2025-11-04 18:20:22,Published
Bluebell Photography Workshop | Warwickshire | 20 Apr,2026-04-20,05:45:00,2026-04-20,09:45:00,"1-day,2.5hrs-4hrs",,"20/04/2026Warwickshire - Sunrise or afternoon bluebell photography workshop in a private Bluebell Woodlands with a professional, award-winning photographer",Warwickshire,"England, B95 5BG, United Kingdom",B95 5BG,https://www.alanranger.com/photographic-workshops-near-me/bluebell-photography-photo-workshop-warwickshire-20,https://images.squarespace-cdn.com/content/v1/5013f4b2c4aaa4752ac69b17/1709978458896-3LYJ0YBU7A1VGPI2OD4B/Bluebell+Woodlands+-+Sunrise.jpg,,2025-05-13 10:28:54,Published
Bluebell Photography Workshop | Warwickshire | 21 Apr,2026-04-21,05:45:00,2026-04-21,15:00:00,"1-day,2.5hrs-4hrs",,"21/04/2026Warwickshire - Sunrise or afternoon bluebell photography workshop in a private Bluebell Woodlands with a professional, award-winning photographer",Warwickshire,"England, B95 5BG, United Kingdom",B95 5BG,https://www.alanranger.com/photographic-workshops-near-me/bluebell-photography-photo-workshop-warwickshire-21,https://images.squarespace-cdn.com/content/v1/5013f4b2c4aaa4752ac69b17/1709978458896-3LYJ0YBU7A1VGPI2OD4B/Bluebell+Woodlands+-+Sunrise.jpg,,2025-05-13 10:29:20,Published
"Bluebell Photography Workshop | Warwickshire | 22 Apr ",2026-04-22,05:45:00,2026-04-22,15:00:00,"1-day,2.5hrs-4hrs",,"22/04/2026Warwickshire - Sunrise or afternoon bluebell photography workshop in a private Bluebell Woodlands with a professional, award-winning photographer",Warwickshire,"England, B95 5BG, United Kingdom",B95 5BG,https://www.alanranger.com/photographic-workshops-near-me/bluebell-photography-photo-workshop-warwickshire-22,https://images.squarespace-cdn.com/content/v1/5013f4b2c4aaa4752ac69b17/1709978458896-3LYJ0YBU7A1VGPI2OD4B/Bluebell+Woodlands+-+Sunrise.jpg,,2025-05-13 10:29:49,Published
Bluebell Photography Workshop | Warwickshire | 23 Apr,2026-04-23,05:45:00,2026-04-23,15:00:00,"1-day,2.5hrs-4hrs",,"23/04/2026Warwickshire - Sunrise or afternoon bluebell photography workshop in a private Bluebell Woodlands with a professional, award-winning photographer",Warwickshire,"England, B95 5BG, United Kingdom",B95 5BG,https://www.alanranger.com/photographic-workshops-near-me/bluebell-photography-photo-workshop-warwickshire-23,https://images.squarespace-cdn.com/content/v1/5013f4b2c4aaa4752ac69b17/1709978458896-3LYJ0YBU7A1VGPI2OD4B/Bluebell+Woodlands+-+Sunrise.jpg,,2025-05-13 10:30:00,Published
Bluebell Photography Workshop | Warwickshire | 24 Apr,2026-04-24,05:45:00,2026-04-24,15:00:00,"1-day,2.5hrs-4hrs",,"24/04/2026Warwickshire - Sunrise or afternoon bluebell photography workshop in a private Bluebell Woodlands with a professional, award-winning photographer",Warwickshire,"England, B95 5BG, United Kingdom",B95 5BG,https://www.alanranger.com/photographic-workshops-near-me/bluebell-photography-photo-workshop-warwickshire-24,https://images.squarespace-cdn.com/content/v1/5013f4b2c4aaa4752ac69b17/1709978458896-3LYJ0YBU7A1VGPI2OD4B/Bluebell+Woodlands+-+Sunrise.jpg,,2025-04-11 11:20:21,Published
Bluebell Photography Workshop | Warwickshire | 25 Apr,2026-04-25,05:45:00,2026-04-25,15:00:00,"1-day,2.5hrs-4hrs",,"25/04/2026Warwickshire - Sunrise or afternoon bluebell photography workshop in a private Bluebell Woodlands with a professional, award-winning photographer",Warwickshire,"England, B95 5BG, United Kingdom",B95 5BG,https://www.alanranger.com/photographic-workshops-near-me/bluebell-photography-photo-workshop-warwickshire-25,https://images.squarespace-cdn.com/content/v1/5013f4b2c4aaa4752ac69b17/1709978458896-3LYJ0YBU7A1VGPI2OD4B/Bluebell+Woodlands+-+Sunrise.jpg,,2025-05-13 10:33:37,Published
Bluebell Photography Workshop | Warwickshire | 26 Apr,2026-04-26,05:45:00,2026-04-26,09:45:00,"1-day,2.5hrs-4hrs",,"26/04/2026Warwickshire - Sunrise or afternoon bluebell photography workshop in a private Bluebell Woodlands with a professional, award-winning photographer",Warwickshire,"England, B95 5BG, United Kingdom",B95 5BG,https://www.alanranger.com/photographic-workshops-near-me/bluebell-photography-photo-workshop-warwickshire-17,https://images.squarespace-cdn.com/content/v1/5013f4b2c4aaa4752ac69b17/1709978458896-3LYJ0YBU7A1VGPI2OD4B/Bluebell+Woodlands+-+Sunrise.jpg,,2025-05-13 10:30:39,Published
Bluebell Photography Workshop | Warwickshire | 27 Apr,2026-04-27,05:45:00,2026-04-27,15:00:00,"1-day,2.5hrs-4hrs",,"27/04/2026Warwickshire - Sunrise or afternoon bluebell photography workshop in a private Bluebell Woodlands with a professional, award-winning photographer",Warwickshire,"England, B95 5BG, United Kingdom",B95 5BG,https://www.alanranger.com/photographic-workshops-near-me/bluebell-photography-photo-workshop-warwickshire-18,https://images.squarespace-cdn.com/content/v1/5013f4b2c4aaa4752ac69b17/1709978458896-3LYJ0YBU7A1VGPI2OD4B/Bluebell+Woodlands+-+Sunrise.jpg,,2025-05-13 10:30:52,Published
Bluebell Photography Workshop | Warwickshire | 28 Apr,2026-04-28,05:45:00,2026-04-28,15:00:00,"1-day,2.5hrs-4hrs",,"28/04/2026Warwickshire - Sunrise or afternoon bluebell photography workshop in a private Bluebell Woodlands with a professional, award-winning photographer",Warwickshire,"England, B95 5BG, United Kingdom",B95 5BG,https://www.alanranger.com/photographic-workshops-near-me/bluebell-photography-photo-workshop-warwickshire-19,https://images.squarespace-cdn.com/content/v1/5013f4b2c4aaa4752ac69b17/1709978458896-3LYJ0YBU7A1VGPI2OD4B/Bluebell+Woodlands+-+Sunrise.jpg,,2025-05-13 10:31:07,Published
Bluebell Photography Workshop | Warwickshire | 29 Apr,2026-04-29,05:45:00,2026-04-29,15:00:00,"1-day,2.5hrs-4hrs",,"29/04/2026Warwickshire - Sunrise or afternoon bluebell photography workshop in a private Bluebell Woodlands with a professional, award-winning photographer",Warwickshire,"England, B95 5BG, United Kingdom",B95 5BG,https://www.alanranger.com/photographic-workshops-near-me/bluebell-photography-photo-workshop-warwickshire-29,https://images.squarespace-cdn.com/content/v1/5013f4b2c4aaa4752ac69b17/1709978458896-3LYJ0YBU7A1VGPI2OD4B/Bluebell+Woodlands+-+Sunrise.jpg,,2025-05-13 10:35:03,Published
Bluebell Photography Workshop | Warwickshire | 30 Apr,2026-04-30,05:45:00,2026-04-30,15:00:00,"1-day,2.5hrs-4hrs",,"30/04/2026Warwickshire - Sunrise or afternoon bluebell photography workshop in a private Bluebell Woodlands with a professional, award-winning photographer",Warwickshire,"England, B95 5BG, United Kingdom",B95 5BG,https://www.alanranger.com/photographic-workshops-near-me/bluebell-photography-photo-workshop-warwickshire-30,https://images.squarespace-cdn.com/content/v1/5013f4b2c4aaa4752ac69b17/1709978458896-3LYJ0YBU7A1VGPI2OD4B/Bluebell+Woodlands+-+Sunrise.jpg,,2025-05-13 10:36:27,Published
Bluebell Photography Workshop | Warwickshire | 01 May,2026-05-01,05:45:00,2026-05-01,15:00:00,"1-day,2.5hrs-4hrs",,"01/05/2026Warwickshire - Sunrise or afternoon bluebell photography workshop in a private Bluebell Woodlands with a professional, award-winning photographer",Warwickshire,"England, B95 5BG, United Kingdom",B95 5BG,https://www.alanranger.com/photographic-workshops-near-me/bluebell-photography-photo-workshop-warwickshire-01,https://images.squarespace-cdn.com/content/v1/5013f4b2c4aaa4752ac69b17/1709978458896-3LYJ0YBU7A1VGPI2OD4B/Bluebell+Woodlands+-+Sunrise.jpg,,2025-05-13 10:37:04,Published
Long Exposure Photography Workshop - Burnham on Sea Sunset,2026-05-02,18:30:00,2026-05-02,21:00:00,2.5hrs-4hrs,,"02/05/2026Burnham on Sea Lighthouse | Long exposure photography workshop, sunset and iconic coastline images from this famous lighthouse in Somerset, UK",Somerset,"Burnham-on-Sea, TA8 2ET, United Kingdom",TA8 2ET,https://www.alanranger.com/photographic-workshops-near-me/long-exposure-photography-burnham-on-sea,https://images.squarespace-cdn.com/content/v1/5013f4b2c4aaa4752ac69b17/1546345535824-FU1FQXB42JQ9VCKIOEWN/burnham+still-Photography-Workshops.jpg,,2025-08-19 13:35:22,Published
Woodland Photography Walk | Meriden | Millisons Wood,2026-05-03,09:30:00,2026-05-03,11:30:00,2.5hrs-4hrs,,03/05/2026Woodland Photography Walk - Enjoy and learn in a 2hr informal walk through woodlands with any camera under the support of a professional Photographer,Meriden,"Albert Road, CV5 9AS, United Kingdom",CV5 9AS,https://www.alanranger.com/photographic-workshops-near-me/woodland-photography-walk-meriden-millisons-wood,https://images.squarespace-cdn.com/content/v1/5013f4b2c4aaa4752ac69b17/1709978483227-AGNBKSFNJEJ0VP2ERGWQ/Down+Under.jpg,"

<div class=""sqs-html-content"" data-sqsp-text-block-content="""">
  <h3 style=""white-space:pre-wrap;""><strong>Location - Woodland Photography Walk</strong></h3><h3 style=""white-space:pre-wrap;"">Millisons Wood Nature Reserve, Meriden, Warwickshire</h3>
</div>




















  
  



",2025-11-04 18:21:05,Published
Long Exposure Photography Workshop - Sunset | Kenilworth,2026-05-06,18:30:00,2026-05-06,20:30:00,2.5hrs-4hrs,,06/05/2026Kenilworth - Learn long exposure photography and make interesting movement shots on this photography workshop night shoot around Kenilworth Castle.,Kenilworth,"36 Castle Rd, England, CV8 1NG, United Kingdom",CV8 1NG,https://www.alanranger.com/photographic-workshops-near-me/long-exposure-photography-workshop-kenilworth1,https://images.squarespace-cdn.com/content/v1/5013f4b2c4aaa4752ac69b17/1677346062246-6DAXRO5SKD1LJ1TBFEL2/kenilworth+defenses.jpg,,2025-10-31 15:10:36,Published
Fairy Glen Betws-y-Coed Photography Workshop - Wales - May,2026-05-08,10:00:00,2026-05-08,13:30:00,2.5hrs-4hrs,wales,08/05/2026Fairy Glen Betws-y-Coed Photography Workshop - A magical serene gorge through the river Conwy provides a great opportunity to practise long exposure,Snowdonia National Park,"Betws-y-Coed, Wales, LL24 0SG, United Kingdom",LL24 0SG,https://www.alanranger.com/photographic-workshops-near-me/fairy-glen-photography-betws-y-coed,https://images.squarespace-cdn.com/content/v1/5013f4b2c4aaa4752ac69b17/1739453577809-DTGISJZ35FIE7U21YIOJ/Fairy+Glen+2.jpg,,2025-10-31 15:10:49,Published
Menai and Anglesey Photography Workshop | Wales | May,2026-05-08,15:00:00,2026-05-10,15:00:00,2-5-days,wales,08/05/2026Anglesey photography workshop - Welsh sea and landscape photography on the iconic island and coastline of Anglesey and Menai | All levels welcome,Wales - Anglesey,"LL60 6LA, United Kingdom",LL60 6LA,https://www.alanranger.com/photographic-workshops-near-me/anglesey-photography-workshop-wales,https://images.squarespace-cdn.com/content/v1/5013f4b2c4aaa4752ac69b17/1546342807877-4AF2AFH94TL5RIE914UZ/Llanddwyn+Island+II-Photography-Workshops.jpg,,2025-07-20 10:43:52,Published
Long Exposure Photography Workshop - Kenilworth 11-05,2026-05-11,18:30:00,2026-05-11,20:30:00,2.5hrs-4hrs,,11/05/2026Kenilworth - Learn long exposure photography and make interesting movement shots on this photography workshop night shoot around Kenilworth Castle.,Kenilworth,"Castle Hill, Kenilworth, England, CV8 1ND, United Kingdom",CV8 1ND,https://www.alanranger.com/photographic-workshops-near-me/long-exposure-photography-workshop-kenilworth4,https://images.squarespace-cdn.com/content/v1/5013f4b2c4aaa4752ac69b17/1675345926122-FG9G39T5F3OOT1CNEZMP/kenilworth+defenses.jpg,,2025-11-04 18:21:23,Published
Peak District Photography Workshops Padley Gorge - 16-5,2026-05-16,09:30:00,2026-05-16,16:00:00,"1-day,2.5hrs-4hrs",,"16/05/2026Peak District Photography Workshops - Padley Gorge - a narrow, tree-lined gorge with a river so provides ample opportunity for macro &amp; movement shots",Peak District,"Upper Padley, Grindleford, S32 2JA, United Kingdom",S32 2JA,https://www.alanranger.com/photographic-workshops-near-me/peak-district-photography-workshops-spring,https://images.squarespace-cdn.com/content/v1/5013f4b2c4aaa4752ac69b17/1714493375483-G5PG1FYXR8VXFG6VNF6J/peak+district+photography.jpg,,2025-11-04 18:21:29,Published
Abstract and Macro Photography Workshop Warwickshire - May,2026-05-17,10:00:00,2026-05-17,12:30:00,2.5hrs-4hrs,,17/05/2026Warwickshire - Abstract and Macro Photography Workshops. Learn how to photograph macro images with an award-winning professional photographer.,Warwickshire,"45 Hathaway Road, Coventry, England, CV4 9HW, United Kingdom",CV4 9HW,https://www.alanranger.com/photographic-workshops-near-me/abstract-and-macro-photography-workshop-coventry,https://images.squarespace-cdn.com/content/v1/5013f4b2c4aaa4752ac69b17/1734084297980-W42TDI502DA8I78VBBO5/Abstract%2Band%2BMacro%2BPhotography%2BWorkshops.jpg,,2025-11-04 18:21:34,Published
Garden Photography Workshops | Private Garden | Coventry,2026-05-17,15:00:00,2026-05-17,17:00:00,2.5hrs-4hrs,,"17/05/2026Coventry - Garden Photography Workshop- macro, close-up or abstract - gardens offer endless opportunities to practise and perfect image-making.",Coventry,"45 Hathaway Road, Coventry, CV4 9HW, United Kingdom",CV4 9HW,https://www.alanranger.com/photographic-workshops-near-me/garden-photography-workshop-mxyms,https://images.squarespace-cdn.com/content/v1/5013f4b2c4aaa4752ac69b17/1630230262554-WWSOU1WKBUV46Y6A095X/_.jpg,,2025-11-04 18:21:38,Published
Sunset Photography Workshop - Chesterton Windmill 18-5,2026-05-18,18:30:00,2026-05-18,21:00:00,2.5hrs-4hrs,,18/05/2026Warwickshire - Chesterton Windmill - Practise and learn long exposure and composition at this famous windmill on this photography night shoot.,Warwickshire,"Windmill Hill Ln, England, CV33 9LB, United Kingdom",CV33 9LB,https://www.alanranger.com/photographic-workshops-near-me/sunset-chesterton-windmill-photography-workshop,https://images.squarespace-cdn.com/content/v1/5013f4b2c4aaa4752ac69b17/1546348269382-80B9O6W1H3BZNIMXZI7Q/chesterton-windmill-photography-workshops.jpg,,2025-11-04 18:21:43,Published
Exmoor Photography Workshops - Seascapes | Lynmouth,2026-05-23,10:00:00,2026-05-24,15:30:00,2-5-days,,"23/05/2026Exmoor Photography Workshops - Lynmouth provides secluded bays to shoot rock formations, and seascapes, long exposure and plenty more for you",North Devon/Exmoor,"Lynmouth, EX35 6EQ, United Kingdom",EX35 6EQ,https://www.alanranger.com/photographic-workshops-near-me/exmoor-photography-workshops-seascapes-lynmouth,https://images.squarespace-cdn.com/content/v1/5013f4b2c4aaa4752ac69b17/1547714389865-FFD4IC72F5OYSMAFOVGT/timeless+memories-Alan-Ranger-Photography.jpg,,2025-10-31 15:13:01,Published
Sezincote Garden Photography - Mughal palace in Cotswolds,2026-05-29,11:00:00,2026-05-29,13:30:00,2.5hrs-4hrs,,"29/05/2026Gloucestershire - A visit to Sezincote Gardens, Mughal Palace to enjoy garden photography at the impressive estate’s grounds | Moreton on Marsh",Gloucestershire,"1 Icehouse Ln, Sezincote, England, GL56 9AW, United Kingdom",GL56 9AW,https://www.alanranger.com/photographic-workshops-near-me/sezincote-garden-photography-workshop,https://images.squarespace-cdn.com/content/v1/5013f4b2c4aaa4752ac69b17/1715078225982-X01ZZ737OV5I7IFI0W5Q/sezincote+garden+photography.jpg,,2025-10-31 15:13:10,Published
Lavender Photography Workshop Gloucestershire at Sunset 4,2026-07-04,17:00:00,2026-07-04,20:00:00,2.5hrs-4hrs,,04/07/2026Cotswolds - Lavender Photography Workshop at spectacular Lavender fields. Shoot into the sunset hours for amazing colour and scenes - Gloucestershire,Cotswolds,"7 Manor Barns, Snowshill, England, WR12 7JR, United Kingdom",WR12 7JR,https://www.alanranger.com/photographic-workshops-near-me/lavender-photography-workshop-sunset-19,https://images.squarespace-cdn.com/content/v1/5013f4b2c4aaa4752ac69b17/1700307138506-ZKLVZEG55N58GETAAWJT/Provence+en+Angleterre.jpg,"

<div class=""sqs-html-content"" data-sqsp-text-block-content="""">
  <h2 style=""white-space:pre-wrap;""><strong>Lavender Photography</strong></h2>
</div>




















  
  



",2025-10-31 15:13:29,Published
Lavender Photography Workshop Gloucestershire at Sunset,2026-07-11,17:00:00,2026-07-11,20:00:00,2.5hrs-4hrs,,11/07/2026Cotswolds - Lavender Photography Workshop at spectacular Lavender fields. Shoot into the sunset hours for amazing colour and scenes - Gloucestershire,Cotswolds,"7 Manor Barns, Snowshill, England, WR12 7JR, United Kingdom",WR12 7JR,https://www.alanranger.com/photographic-workshops-near-me/lavender-photography-workshop-sunset,https://images.squarespace-cdn.com/content/v1/5013f4b2c4aaa4752ac69b17/1700307138506-ZKLVZEG55N58GETAAWJT/Provence+en+Angleterre.jpg,"

<div class=""sqs-html-content"" data-sqsp-text-block-content="""">
  <h2 style=""white-space:pre-wrap;""><strong>Lavender Photography</strong></h2>
</div>




















  
  



",2025-10-31 15:13:19,Published
Garden Photography Workshop | Private Garden | Coventry,2026-07-12,15:00:00,2026-07-12,17:00:00,2.5hrs-4hrs,,"12/07/2026Coventry - Garden Photography Workshop- macro, close-up or abstract - gardens offer endless opportunities to practise and perfect image-making.",Coventry,"45 Hathaway Road, Coventry, CV4 9HW, United Kingdom",CV4 9HW,https://www.alanranger.com/photographic-workshops-near-me/garden-photography-workshop,https://images.squarespace-cdn.com/content/v1/5013f4b2c4aaa4752ac69b17/1630230262554-WWSOU1WKBUV46Y6A095X/_.jpg,,2025-10-09 10:45:56,Published
Peak District Photography Workshops - Heathers Sunset,2026-08-15,18:15:00,2026-08-15,21:15:00,2.5hrs-4hrs,peak district,15/08/2026Peak District photography workshops -based around Hathersage in Derbyshire for spectacular viewing points with plenty of heathers as the sun sets,Peak District,"6 Mayfield Terrace, Hathersage, England, S32 1BE, United Kingdom",S32 1BE,https://www.alanranger.com/photographic-workshops-near-me/peak-district-photography-workshops-heathers-sunset,https://images.squarespace-cdn.com/content/v1/5013f4b2c4aaa4752ac69b17/1682259056748-3WSS8Y2YXIWFFQDIYR4F/Surprise+View+7.jpg,,2025-10-31 15:13:36,Published
Peak District Photography Workshops - Heathers Sunrise,2026-08-16,05:45:00,2026-08-16,08:45:00,2.5hrs-4hrs,peak district,16/08/2026Peak District Photography Workshop - around Hathersage and the Roaches for spectacular viewing points with plenty of heathers | Sunrise Staffordshire,Staffordshire - Upper Hulme,"Leek, ST13 8UA, United Kingdom",ST13 8UA,https://www.alanranger.com/photographic-workshops-near-me/peak-district-photography-workshops-heathers-sunrise,https://images.squarespace-cdn.com/content/v1/5013f4b2c4aaa4752ac69b17/1700303596327-DSMX2LGQ05VGSLNLKQIC/The+Roaches.jpg,,2025-10-31 15:13:44,Published
The Secrets of Woodland Photography - Masterclass Summer,2026-08-30,10:00:00,2026-08-30,16:00:00,1-day,summer,"30/08/2026Coventry - The Secrets of Woodland Photography - open to all levels, experience, and camera. 1-Day Masterclass combining theory and practicals.",Coventry,"45 Hathaway Road, Coventry, England, CV4 9HP, United Kingdom",CV4 9HP,https://www.alanranger.com/photographic-workshops-near-me/secrets-of-woodland-photography-masterclass-summer,https://images.squarespace-cdn.com/content/v1/5013f4b2c4aaa4752ac69b17/1687442036373-6Q6GKKLKEX4UZ00OFCMU/Plant%2BHill%2BWoods%2B%252311%2B-%2BJan%2B2022.jpg,,2025-11-04 18:22:17,Published
Sunset Photographic Workshop - Chesterton Windmill 16-09,2026-09-16,18:00:00,2026-09-16,20:00:00,2.5hrs-4hrs,,16/09/2026Warwickshire - Chesterton Windmill - Practise and learn long exposures and composition at this famous Midlands landmark windmill on this night shoot.,Warwickshire,"Windmill Hill Ln, England, CV33 9LB, United Kingdom",CV33 9LB,https://www.alanranger.com/photographic-workshops-near-me/sunset-chesterton-windmill-spring-7gw7j-9akd5,https://images.squarespace-cdn.com/content/v1/5013f4b2c4aaa4752ac69b17/1546348903737-ZZOPNMPKQI3BIO8NTQJA/chesterton-windmill-photography-workshops.jpg,,2025-11-04 18:22:32,Published
Lake District Photography Workshop Late Summer in Cumbria,2026-09-18,09:30:00,2026-09-20,13:30:00,2-5-days,landscape,"18/09/2026Lake District Photography Workshops - Enjoy the iconic scenes in late summer with misty mornings, atmospheric light, and conditions - Join Now",Lake District,"B5291, Bassenthwaite Lake, England, CA12 4RE, United Kingdom",CA12 4RE,https://www.alanranger.com/photographic-workshops-near-me/lake-district-photography-workshop-late-summer,https://images.squarespace-cdn.com/content/v1/5013f4b2c4aaa4752ac69b17/1538928327366-YR9B778G2HGSWZ6N3B21/morning+calm-Photography-Workshops.jpg,,2025-09-22 12:45:15,Published
Fairy Glen Betws-y-Coed Photography Workshop - Wales Autumn,2026-10-03,10:00:00,2026-10-03,13:30:00,2.5hrs-4hrs,"wales,autumn",03/10/2026Fairy Glen Betws-y-Coed Photography Workshop - A magical serene gorge through the river Conwy provides a great opportunity to practise long exposure,Snowdonia National Park,"Betws-y-Coed, Wales, LL24 0SG, United Kingdom",LL24 0SG,https://www.alanranger.com/photographic-workshops-near-me/fairy-glen-photography-wales,https://images.squarespace-cdn.com/content/v1/5013f4b2c4aaa4752ac69b17/1740502341422-AGUUE085W47A3L7137NG/Fairy+Glen+4.jpg,,2025-11-04 18:22:49,Published
Sunset Photographic Workshop - Chesterton Windmill 05-10,2026-10-05,17:30:00,2026-10-05,19:30:00,2.5hrs-4hrs,,05/10/2026Warwickshire - Chesterton Windmill - Practise and learn long exposures and composition at this famous Midlands landmark windmill on this night shoot.,Warwickshire,"Windmill Hill Ln, England, CV33 9LB, United Kingdom",CV33 9LB,https://www.alanranger.com/photographic-workshops-near-me/sunset-chesterton-windmill-spring-7gw7j,https://images.squarespace-cdn.com/content/v1/5013f4b2c4aaa4752ac69b17/1546348903737-ZZOPNMPKQI3BIO8NTQJA/chesterton-windmill-photography-workshops.jpg,,2025-10-31 15:09:46,Published
"Dartmoor Photography Workshop | Woodlands, Moors and Tors",2026-10-09,14:00:00,2026-10-11,15:00:00,2-5-days,,"09/10/2026Dartmoor Photography Workshop | Woodland, Moors and Tors weekend residential landscape workshop - Based around Dartmoor National Park, South Devon.",Dartmoor,"PL20 6SW, United Kingdom",PL20 6SW,https://www.alanranger.com/photographic-workshops-near-me/dartmoor-photography-workshop-woodlands,https://images.squarespace-cdn.com/content/v1/5013f4b2c4aaa4752ac69b17/1696250238091-17YK0FSUYXO7SIFLMVPW/wistmans-wood+2.jpg,,2025-11-04 18:23:04,Published
Woodland Photography Walk | Coventry | Piles Coppice,2026-10-16,09:30:00,2026-10-16,11:30:00,2.5hrs-4hrs,,16/10/2026Woodland Photography Walk - Enjoy and learn in a 2hr informal walk through woodlands with any camera under the support of a professional Photographer,Coventry,"Coventry CV3 2ZZ, United Kingdom",Coventry CV3 2ZZ,https://www.alanranger.com/photographic-workshops-near-me/woodland-photography-walk-coventry-piles-coppice,https://images.squarespace-cdn.com/content/v1/5013f4b2c4aaa4752ac69b17/1709978483227-AGNBKSFNJEJ0VP2ERGWQ/Down+Under.jpg,"

<div class=""sqs-html-content"" data-sqsp-text-block-content="""">
  <h3 style=""white-space:pre-wrap;""><strong>Location - Woodland Photography Walk </strong></h3><h3 style=""white-space:pre-wrap;"">Piles Coppice &amp; Brandon Wood - Warwickshire</h3>
</div>




















  
  



",2025-11-04 18:23:22,Published
Peak District Photography Workshops Padley Gorge | 10-17,2026-10-17,09:30:00,2026-10-17,16:00:00,1-day,,"17/10/2026Peak District Photography Workshops - Padley Gorge - a narrow, tree-lined gorge with a river so provides ample opportunity for macro &amp; movement shots",Peak District,"Upper Padley, Grindleford, S32 2JA, United Kingdom",S32 2JA,https://www.alanranger.com/photographic-workshops-near-me/peak-district-photography-workshops-winter,https://images.squarespace-cdn.com/content/v1/5013f4b2c4aaa4752ac69b17/1714559760976-6CZKC2X0XATXWIR0Q0X6/Peak+District+Photography+workshops.jpg,,2025-11-04 18:23:26,Published
The Secrets of Woodland Photography - Masterclass Autumn,2026-10-18,10:00:00,2026-10-18,16:00:00,1-day,,"18/10/2026Coventry - The Secrets of Woodland Photography - open to all levels, experience, and camera. 1-Day Masterclass combining theory and practicals.",Coventry,"45 Hathaway Road, Coventry, England, CV4 9HP, United Kingdom",CV4 9HP,https://www.alanranger.com/photographic-workshops-near-me/secrets-of-woodland-photography-masterclass-autumn,https://images.squarespace-cdn.com/content/v1/5013f4b2c4aaa4752ac69b17/1687442036373-6Q6GKKLKEX4UZ00OFCMU/Plant%2BHill%2BWoods%2B%252311%2B-%2BJan%2B2022.jpg,,2025-11-04 18:23:29,Published
Batsford Arboretum Autumn Photography Workshop - 23/10,2026-10-23,08:00:00,2026-10-23,15:30:00,"1-day,2.5hrs-4hrs",,23/10/2026Gloucestershire - Batsford Arboretum Autumn Photography Workshops are a must for autumn colour - open to all levels and experience and camera," Batsford Arboretum - Gloucestershire","England, GL56 9AE, United Kingdom",GL56 9AE,https://www.alanranger.com/photographic-workshops-near-me/batsford-arboretum-autumn-photography-31oct,https://images.squarespace-cdn.com/content/v1/5013f4b2c4aaa4752ac69b17/1675347700488-3E0I5HD2RWPTEA20AQ1D/Autumn+Leaves.jpg,,2025-10-31 13:35:20,Published
Batsford Arboretum Autumn Photography Workshop - 24/10,2026-10-24,08:00:00,2026-10-24,15:30:00,"1-day,2.5hrs-4hrs",,24/10/2026Gloucestershire - Batsford Arboretum Autumn Photography Workshops are a must for autumn colour - open to all levels and experience and camera," Batsford Arboretum - Gloucestershire","England, GL56 9AE, United Kingdom",GL56 9AE,https://www.alanranger.com/photographic-workshops-near-me/batsford-arboretum-autumn-photography-29oct,https://images.squarespace-cdn.com/content/v1/5013f4b2c4aaa4752ac69b17/1675347700488-3E0I5HD2RWPTEA20AQ1D/Autumn+Leaves.jpg,,2025-10-31 13:35:51,Published
Batsford Arboretum Autumn Photography Workshop - 25/10,2026-10-25,08:00:00,2026-10-25,15:30:00,"1-day,2.5hrs-4hrs",,25/10/2026Gloucestershire - Batsford Arboretum Autumn Photography Workshops are a must for autumn colour - open to all levels and experience and camera," Batsford Arboretum - Gloucestershire","England, GL56 9AE, United Kingdom",GL56 9AE,https://www.alanranger.com/photographic-workshops-near-me/batsford-arboretum-autumn-photography-30oct,https://images.squarespace-cdn.com/content/v1/5013f4b2c4aaa4752ac69b17/1675347700488-3E0I5HD2RWPTEA20AQ1D/Autumn+Leaves.jpg,,2025-10-31 13:35:45,Published
Batsford Arboretum Autumn Photography Workshop -29/10,2026-10-29,08:00:00,2026-10-29,15:30:00,"1-day,2.5hrs-4hrs",,29/10/2026Gloucestershire - Batsford Arboretum Autumn Photography Workshops are a must for autumn colour - open to all levels and experience and camera," Batsford Arboretum - Gloucestershire","England, GL56 9AE, United Kingdom",GL56 9AE,https://www.alanranger.com/photographic-workshops-near-me/batsford-arboretum-autumn-photography-1nov,https://images.squarespace-cdn.com/content/v1/5013f4b2c4aaa4752ac69b17/1675347700488-3E0I5HD2RWPTEA20AQ1D/Autumn+Leaves.jpg,,2025-10-31 13:38:04,Published
Batsford Arboretum Autumn Photography Workshop - 30/10,2026-10-30,08:00:00,2026-10-30,15:30:00,"1-day,2.5hrs-4hrs",,30/10/2026Gloucestershire - Batsford Arboretum Autumn Photography Workshops are a must for autumn colour - open to all levels and experience and camera," Batsford Arboretum - Gloucestershire","England, GL56 9AE, United Kingdom",GL56 9AE,https://www.alanranger.com/photographic-workshops-near-me/batsford-arboretum-autumn-photography-2nov,https://images.squarespace-cdn.com/content/v1/5013f4b2c4aaa4752ac69b17/1675347700488-3E0I5HD2RWPTEA20AQ1D/Autumn+Leaves.jpg,,2025-10-31 13:36:44,Published
Batsford Arboretum Autumn Photography Workshop - 31/10,2026-10-31,08:00:00,2026-10-31,15:30:00,"1-day,2.5hrs-4hrs",,31/10/2026Gloucestershire - Batsford Arboretum Autumn Photography Workshops are a must for autumn colour - open to all levels and experience and camera," Batsford Arboretum - Gloucestershire","England, GL56 9AE, United Kingdom",GL56 9AE,https://www.alanranger.com/photographic-workshops-near-me/batsford-arboretum-autumn-photography-3nov,https://images.squarespace-cdn.com/content/v1/5013f4b2c4aaa4752ac69b17/1675347700488-3E0I5HD2RWPTEA20AQ1D/Autumn+Leaves.jpg,,2025-10-31 13:36:54,Published
Peak District Autumn Workshops Padley Gorge | 1-11,2026-11-01,09:30:00,2026-11-01,16:00:00,1-day,autumn,"01/11/2026Peak District Autumn Photography Workshops - Padley Gorge - a narrow, tree-lined gorge with a river which provides ample opportunity for autumn shots",Peak District,"Upper Padley, Grindleford, S32 2JA, United Kingdom",S32 2JA,https://www.alanranger.com/photographic-workshops-near-me/peak-district-photography-workshops-autumn,https://images.squarespace-cdn.com/content/v1/5013f4b2c4aaa4752ac69b17/1699522410481-3RW7I6IHD1I8ZVWQDSZ0/photographing-autumn.jpg,,2025-10-31 13:57:00,Published
Peak District Autumn Workshop - Padley Gorge | 7-11,2026-11-07,09:30:00,2026-11-07,16:00:00,1-day,autumn,"07/11/2026Peak District Autumn Photography Workshops - Padley Gorge - a narrow, tree-lined gorge with a river which provides ample opportunity for autumn shots",Peak District,"Upper Padley, Grindleford, S32 2JA, United Kingdom",S32 2JA,https://www.alanranger.com/photographic-workshops-near-me/peak-district-photography-workshops-autumn-2,https://images.squarespace-cdn.com/content/v1/5013f4b2c4aaa4752ac69b17/1699522410481-3RW7I6IHD1I8ZVWQDSZ0/photographing-autumn.jpg,,2025-11-05 07:33:50,Published
Lake District Photography Workshops | Autumn in Cumbria,2026-11-13,09:30:00,2026-11-15,14:30:00,2-5-days,,13/11/2026Capture breathtaking images at our autumn Lake District Photography Workshops. Enhance your skills and discover iconic vistas with expert guidance.,Lake District,"England, CA12 4RL, United Kingdom",CA12 4RL,https://www.alanranger.com/photographic-workshops-near-me/lake-district-photography-workshop-autumn,https://images.squarespace-cdn.com/content/v1/5013f4b2c4aaa4752ac69b17/1695040431348-9BC1ENVF8Z9C0N6CR5UZ/blea+tarn-2.jpg,,2025-11-04 18:08:18,Published
Abstract and Macro Photography Workshop - Warwickshire,2025-11-08,10:00:00,2025-11-08,12:30:00,2.5hrs-4hrs,,08/11/2025Warwickshire - Abstract and Macro Photography Workshops. Learn how to photograph macro images with an award-winning professional photographer.,Alan Ranger Photography,"45 Hathaway Road, Coventry, United Kingdom",Coventry,https://www.alanranger.com/photographic-workshops-near-me/abstract-and-macro-photography-workshop,https://images.squarespace-cdn.com/content/v1/5013f4b2c4aaa4752ac69b17/1734085795822-KGL13H1JB15QFAVBP4IU/Abstract+and+Macro+Photography+Workshops.jpg,,2025-03-20 11:32:58,Published
Woodland Photography Walk | Kenilworth | Crackley Woods,2025-11-07,09:30:00,2025-11-07,11:30:00,2.5hrs-4hrs,,07/11/2025Woodland Photography Walk - Enjoy and learn in a 2-hour informal walk through autumn woodlands with any camera under the support of a professional,Kenilworth,"Crackley Ln, England, CV8, United Kingdom",CV8,https://www.alanranger.com/photographic-workshops-near-me/woodland-photography-walk-kenilworth-crackley-woods,https://images.squarespace-cdn.com/content/v1/5013f4b2c4aaa4752ac69b17/1709978483227-AGNBKSFNJEJ0VP2ERGWQ/Down+Under.jpg,"

<div class=""sqs-html-content"" data-sqsp-text-block-content="""">
  <h3 style=""white-space:pre-wrap;""><strong>Location - Woodland Photography Walk</strong></h3><h3 style=""white-space:pre-wrap;"">Crackley Woods, Kenilworth, Warwickshire</h3>
</div>




















  
  



",2025-10-26 17:19:55,Published
"Hartland Quay, Devon Seascape Photography Workshops",2025-09-26,12:30:00,2025-09-28,12:30:00,2-5-days,,"26/09/2025Devon, Hartland Quay - Photography Workshop. Learn how to photograph seascapes, long-exposure &amp; classic views at this dramatic coastline location",Devon,"Hartland Quay, Bideford, EX39 6DB, United Kingdom",EX39 6DB,https://www.alanranger.com/photographic-workshops-near-me/hartland-quay-photography-devon-seascapes,https://images.squarespace-cdn.com/content/v1/5013f4b2c4aaa4752ac69b17/1674565120064-MZONL9LFH2Z0RH81Z9CT/Atlantic+Force.jpg,,2025-07-28 15:52:49,Published
"Nant Mill Photography Workshop - Woodlands and Waterfalls ",2025-06-07,10:00:00,2025-06-07,14:00:00,2.5hrs-4hrs,,07/06/2025Nant Mill Photography Workshop - Wrexham  - Wander and shoot from the banks of the River Clywedog and visit waterfalls set in an enchanting woodland,Wales,"LL11 3BT, United Kingdom",LL11 3BT,https://www.alanranger.com/photographic-workshops-near-me/nant-mill-woodlands,https://images.squarespace-cdn.com/content/v1/5013f4b2c4aaa4752ac69b17/1603790147896-C4ALG2VYZK9T1U7BOQXZ/limbs.jpg,,2025-01-29 15:07:39,Published
Landscape Photography Workshops Yorkshire | Coastlines,2025-05-15,14:00:00,2025-05-18,14:00:00,2-5-days,,15/05/2025Landscape Photography Workshops Yorkshire -Moors and Coast - A great opportunity from sunrise to sunset to get iconic photos of North Yorkshire coast,North Yorkshire Moors and Coast,"Saltburn Ln, England, TS12 1HA, United Kingdom",TS12 1HA,https://www.alanranger.com/photographic-workshops-near-me/landscape-photography-workshops-yorkshire-coast,https://images.squarespace-cdn.com/content/v1/5013f4b2c4aaa4752ac69b17/1707212564861-65XIJN9NGEKXOO8C2J73/North+Yorkshire+Photography+Workshop.jpg,,2024-12-13 14:17:44,Published
"Somerset Photography Workshops | Hills, Woodlands, Marshes",2025-05-09,14:00:00,2025-05-11,14:00:00,2-5-days,,09/05/2025Somerset Photography Workshops - This is a great workshop from dawn to dusk to get those iconic views around Somerset’s finest photographic locations,Somerset,"glastonbury Tor View Avenue, Glastonbury, England, BA6 9LZ, United Kingdom",BA6 9LZ,https://www.alanranger.com/photographic-workshops-near-me/somerset-photography-workshop,https://images.squarespace-cdn.com/content/v1/5013f4b2c4aaa4752ac69b17/1597912700532-D49TYVNKD1LRCOL0M8IU/somerset-photography-workshop.jpg,,2025-01-28 17:07:56,Published
Woodland Photography Walk | Leamington Spa | Oakley Wood,2025-03-21,09:30:00,2025-03-21,11:30:00,2.5hrs-4hrs,,05/03/2025Woodland Photography Walk - Enjoy and learn in a 2hr informal walk through woodlands with any camera under the support of a professional Photographer,Leamington Spa,"Oakley Wood Crematorium, CV33 9QP, United Kingdom",CV33 9QP,https://www.alanranger.com/photographic-workshops-near-me/woodland-photography-walk-leamington-oakley-wood,https://images.squarespace-cdn.com/content/v1/5013f4b2c4aaa4752ac69b17/1709978483227-AGNBKSFNJEJ0VP2ERGWQ/Down+Under.jpg,"

<div class=""sqs-html-content"" data-sqsp-text-block-content="""">
  <h3 style=""white-space:pre-wrap;""><strong>Location - Woodland Photography Walk</strong></h3><h3 style=""white-space:pre-wrap;"">Oakley Wood Crematorium - CV33 9QP</h3>
</div>




















  
  



",2025-03-05 17:17:08,Published
Peak District Photography Workshops - Heathers Sunrise |,2024-08-24,05:15:00,2024-08-24,09:30:00,2.5hrs-4hrs,peak district,24/08/2024Peak District Photography - based around the Roaches and Ramshaw Rocks with spectacular viewing points and plenty of heathers to shoot for landscapes,Staffordshire - Upper Hulme,"Roach Road, Leek, England, ST13 8TY, United Kingdom",ST13 8TY,https://www.alanranger.com/photographic-workshops-near-me/peak-district-photography-workshops-sunrise-heathers,https://images.squarespace-cdn.com/content/v1/5013f4b2c4aaa4752ac69b17/1700303622633-FX3Z99NDIYVQSFXYLD5G/The+Roaches.jpg,,2024-10-25 20:28:09,Published
Poppy Fields Photography Workshop - Worcs | Sunrise 9/6,2024-06-09,05:00:00,2024-06-09,07:30:00,2.5hrs-4hrs,,09/06/2024Kidderminster - Poppy Fields Photography Workshops Sunrise - A field full of red poppies is a sight to experience | Subject to seasonal variation,Worcestershire,"Kinver, England, DY7 5LZ, United Kingdom",DY7 5LZ,https://www.alanranger.com/photographic-workshops-near-me/poppy-fields-photography-workshop-sunrise,https://images.squarespace-cdn.com/content/v1/5013f4b2c4aaa4752ac69b17/1539008898994-ESG75007CGBM7JYKMWIT/poppy+glow-Photography-Workshops.jpg,"

<div class=""sqs-html-content"" data-sqsp-text-block-content="""">
  <h2 style=""white-space:pre-wrap;"">Description - <strong>poppy fields photography Workshop</strong></h2><h3 style=""white-space:pre-wrap;"">Landscape Photography</h3><p class="""" style=""white-space:pre-wrap;"">Rolling hills full of poppies takes some beating. Join me for one of the poppy field photography location shoots from early June to end of June in Worcestershire - These are provisional dates and may change depending on mother nature.</p><p class="""" style=""white-space:pre-wrap;"">This is one of the best flowering meadow scenes you will witness.&nbsp;</p><h3 style=""white-space:pre-wrap;"">On this <strong>poppy fields photography Workshop</strong> Alan will guide you through:</h3><ul data-rte-list=""default""><li><p class="""" style=""white-space:pre-wrap;"">focusing in low light</p></li><li><p class="""" style=""white-space:pre-wrap;"">tonal range and shadow and highlight recognition</p></li><li><p class="""" style=""white-space:pre-wrap;"">composition and designing the shot in the dark</p></li><li><p class="""" style=""white-space:pre-wrap;"">long exposure, set-up and calculating the right amount of time</p></li></ul><h2 style=""white-space:pre-wrap;"">Itinerary - <strong>poppy fields photography Workshop</strong></h2><ul data-rte-list=""default""><li><p class="""" style=""white-space:pre-wrap;"">Meet at designated location</p></li><li><p class="""" style=""white-space:pre-wrap;"">Workshop Briefing, preparation and set-up</p></li><li><p class="""" style=""white-space:pre-wrap;"">Shoot, review images and get individual tuition</p></li><li><p class="""" style=""white-space:pre-wrap;"">Event finish</p></li></ul>
</div>




















  
  



",2024-10-01 10:39:33,Published
Poppy Fields Photography Workshop - Worcs | Sunset 8/6,2024-06-08,19:15:00,2024-06-08,21:45:00,2.5hrs-4hrs,,08/06/2024Kidderminster - Poppy Fields Photography Workshops Sunset - A field full of red poppies is a sight to experience | Subject to seasonal variation,Worcestershire,"Kinver, England, DY7 5LZ, United Kingdom",DY7 5LZ,https://www.alanranger.com/photographic-workshops-near-me/poppy-fields-photography-workshop-sunset,https://images.squarespace-cdn.com/content/v1/5013f4b2c4aaa4752ac69b17/1539008898994-ESG75007CGBM7JYKMWIT/poppy+glow-Photography-Workshops.jpg,"

<div class=""sqs-html-content"" data-sqsp-text-block-content="""">
  <h2 style=""white-space:pre-wrap;"">Description - <strong>poppy fields photography Workshop</strong></h2><h3 style=""white-space:pre-wrap;"">Landscape Photography</h3><p class="""" style=""white-space:pre-wrap;"">Rolling hills full of poppies takes some beating. Join me for one of the poppy field photography location shoots from early June to end of June in Worcestershire - These are provisional dates and may change depending on mother nature.</p><p class="""" style=""white-space:pre-wrap;"">This is one of the best flowering meadow scenes you will witness.&nbsp;</p><h3 style=""white-space:pre-wrap;"">On this<strong> Workshop</strong> Alan will guide you through:</h3><ul data-rte-list=""default""><li><p class="""" style=""white-space:pre-wrap;"">focusing in low light</p></li><li><p class="""" style=""white-space:pre-wrap;"">tonal range and shadow and highlight recognition</p></li><li><p class="""" style=""white-space:pre-wrap;"">composition and designing the shot in the dark</p></li><li><p class="""" style=""white-space:pre-wrap;"">long exposure, set-up and calculating the right amount of time</p></li></ul><h2 style=""white-space:pre-wrap;"">Itinerary - <strong>poppy fields photography Workshop</strong></h2><ul data-rte-list=""default""><li><p class="""" style=""white-space:pre-wrap;"">Meet at designated location</p></li><li><p class="""" style=""white-space:pre-wrap;"">Workshop Briefing, preparation and set-up</p></li><li><p class="""" style=""white-space:pre-wrap;"">Shoot, review images and get individual tuition</p></li><li><p class="""" style=""white-space:pre-wrap;"">Event finish</p></li></ul>
</div>




















  
  



",2024-10-01 10:39:06,Published